[
  {
    "id": "bc70ad25-a8a2-475c-bd4b-2802e3b907a6",
    "data": [
      {
        "text": "create a message body with \"fellow\" with title named \"nope\"",
        "userDefined": false
      }
    ],
    "isTemplate": false,
    "count": 0,
    "lang": "en",
    "updated": 0
  },
  {
    "id": "cfd57992-d933-4483-94a9-02cb1d6a8879",
    "data": [
      {
        "text": "title name \"Text\", body \"Hello\"",
        "userDefined": false
      }
    ],
    "isTemplate": false,
    "count": 0,
    "lang": "en",
    "updated": 0
  },
  {
    "id": "c7469783-dd26-4fa6-a6d5-1af74b03a64b",
    "data": [
      {
        "text": "create a message named \"Text\"",
        "userDefined": false
      }
    ],
    "isTemplate": false,
    "count": 0,
    "lang": "en",
    "updated": 0
  },
  {
    "id": "e9d9a34f-2d62-44cc-ad48-fc74b4128b41",
    "data": [
      {
        "text": "create a message for me",
        "userDefined": false
      }
    ],
    "isTemplate": false,
    "count": 0,
    "lang": "en",
    "updated": 0
  }
]