[
  {
    "id": "6e058f49-a71b-47a1-8246-069f06713a43",
    "data": [
      {
        "text": "how many accounts have been registered",
        "userDefined": false
      }
    ],
    "isTemplate": false,
    "count": 0,
    "lang": "en",
    "updated": 0
  },
  {
    "id": "54f46584-a5f2-4905-920a-0fc271bb4b16",
    "data": [
      {
        "text": "how many ",
        "userDefined": false
      },
      {
        "text": "users",
        "userDefined": false
      },
      {
        "text": " are there",
        "userDefined": false
      }
    ],
    "isTemplate": false,
    "count": 0,
    "lang": "en",
    "updated": 0
  }
]