[
  {
    "id": "c135fb08-b4db-4b6a-a86c-0e7c744b8a76",
    "data": [
      {
        "text": "how many messages in ",
        "userDefined": false
      },
      {
        "text": "bascom",
        "meta": "@ChatroomType",
        "alias": "chatRoomName",
        "userDefined": false
      }
    ],
    "isTemplate": false,
    "count": 0,
    "lang": "en",
    "updated": 0
  },
  {
    "id": "41896cad-2c84-4124-bf1c-c02c97923e31",
    "data": [
      {
        "text": "how many ",
        "userDefined": false
      },
      {
        "text": "ingraham",
        "meta": "@ChatroomType",
        "alias": "chatRoomName",
        "userDefined": true
      },
      {
        "text": " post",
        "userDefined": false
      }
    ],
    "isTemplate": false,
    "count": 0,
    "lang": "en",
    "updated": 0
  },
  {
    "id": "3ec32b1d-d108-4040-b914-2fb8c1d54d29",
    "data": [
      {
        "text": "how many ",
        "userDefined": false
      },
      {
        "text": "vanvleck",
        "meta": "@ChatroomType",
        "alias": "chatRoomName",
        "userDefined": true
      },
      {
        "text": " post",
        "userDefined": false
      }
    ],
    "isTemplate": false,
    "count": 0,
    "lang": "en",
    "updated": 0
  },
  {
    "id": "d0d5b702-9784-49c2-8b19-6bbfcc40d91f",
    "data": [
      {
        "text": "how many posts total",
        "userDefined": false
      }
    ],
    "isTemplate": false,
    "count": 0,
    "lang": "en",
    "updated": 0
  },
  {
    "id": "192b133b-b7ba-481d-991a-61c386c6fcf1",
    "data": [
      {
        "text": "get num messages for ",
        "userDefined": false
      },
      {
        "text": "vanvleck",
        "meta": "@ChatroomType",
        "alias": "chatRoomName",
        "userDefined": false
      }
    ],
    "isTemplate": false,
    "count": 0,
    "lang": "en",
    "updated": 0
  },
  {
    "id": "5734b97f-8486-4597-b734-a0d8e1fc7a2a",
    "data": [
      {
        "text": "how many in ",
        "userDefined": false
      },
      {
        "text": "Vlias",
        "meta": "@ChatroomType",
        "alias": "chatRoomName",
        "userDefined": true
      }
    ],
    "isTemplate": false,
    "count": 0,
    "lang": "en",
    "updated": 0
  },
  {
    "id": "8c3566d1-fdf9-4fc3-8528-023e898c5911",
    "data": [
      {
        "text": "how many posts are in ",
        "userDefined": false
      },
      {
        "text": "Chamberlin",
        "meta": "@ChatroomType",
        "alias": "chatRoomName",
        "userDefined": true
      }
    ],
    "isTemplate": false,
    "count": 0,
    "lang": "en",
    "updated": 0
  },
  {
    "id": "3370b12d-2088-439a-a584-a48bd2ab2a21",
    "data": [
      {
        "text": "how many in ",
        "userDefined": false
      },
      {
        "text": "Ingraham",
        "meta": "@ChatroomType",
        "alias": "chatRoomName",
        "userDefined": true
      }
    ],
    "isTemplate": false,
    "count": 0,
    "lang": "en",
    "updated": 0
  },
  {
    "id": "650ee8cc-733d-4538-bde4-a994a7cf3eeb",
    "data": [
      {
        "text": "how many posts",
        "userDefined": false
      }
    ],
    "isTemplate": false,
    "count": 0,
    "lang": "en",
    "updated": 0
  },
  {
    "id": "a2db32a0-30e3-4109-89f3-513790c31f38",
    "data": [
      {
        "text": "how many posts in ",
        "userDefined": false
      },
      {
        "text": "Bascom",
        "meta": "@ChatroomType",
        "alias": "chatRoomName",
        "userDefined": true
      }
    ],
    "isTemplate": false,
    "count": 0,
    "lang": "en",
    "updated": 0
  },
  {
    "id": "4638d23c-cb7b-4da3-9bcf-bffbbb743691",
    "data": [
      {
        "text": "how many posts in ",
        "userDefined": false
      },
      {
        "text": "vanvleck",
        "meta": "@ChatroomType",
        "alias": "chatRoomName",
        "userDefined": true
      }
    ],
    "isTemplate": false,
    "count": 0,
    "lang": "en",
    "updated": 0
  },
  {
    "id": "29c090a5-bfa9-4152-9a67-a812166f6af0",
    "data": [
      {
        "text": "how many posts in ",
        "userDefined": false
      },
      {
        "text": "vilas",
        "meta": "@ChatroomType",
        "alias": "chatRoomName",
        "userDefined": true
      }
    ],
    "isTemplate": false,
    "count": 0,
    "lang": "en",
    "updated": 0
  },
  {
    "id": "fd458d03-60cb-4f9e-80ec-eecaca99dca6",
    "data": [
      {
        "text": "how many posts are there",
        "userDefined": false
      }
    ],
    "isTemplate": false,
    "count": 0,
    "lang": "en",
    "updated": 0
  }
]